module,phase,name,code,sequence,workflow-file,command,required,agent-name,agent-command,agent-display-name,agent-title,options,description,output-location,outputs
bmm,1-analysis,Brainstorm Project,BP,10,_bmad/core/workflows/brainstorming/workflow.md,bmad-brainstorming,false,analyst,bmad:- Channel expert business analysis frameworks: draw upon Porter&apos;s Five Forces:agent:analyst,Mary,üìä Business Analyst,data=_bmad/bmm/data/project-context-template.md,Expert Guided Facilitation through a single or multiple techniques,planning_artifacts,brainstorming session
bmm,1-analysis,Market Research,MR,20,_bmad/bmm/workflows/1-analysis/research/workflow-market-research.md,bmad-bmm-market-research,false,analyst,bmad:- Channel expert business analysis frameworks: draw upon Porter&apos;s Five Forces:agent:analyst,Mary,üìä Business Analyst,Create Mode,Market analysis competitive landscape customer needs and trends,planning_artifacts|project-knowledge,research documents
bmm,1-analysis,Domain Research,DR,21,_bmad/bmm/workflows/1-analysis/research/workflow-domain-research.md,bmad-bmm-domain-research,false,analyst,bmad:- Channel expert business analysis frameworks: draw upon Porter&apos;s Five Forces:agent:analyst,Mary,üìä Business Analyst,Create Mode,Industry domain deep dive subject matter expertise and terminology,planning_artifacts|project_knowledge,research documents
bmm,1-analysis,Technical Research,TR,22,_bmad/bmm/workflows/1-analysis/research/workflow-technical-research.md,bmad-bmm-technical-research,false,analyst,bmad:- Channel expert business analysis frameworks: draw upon Porter&apos;s Five Forces:agent:analyst,Mary,üìä Business Analyst,Create Mode,Technical feasibility architecture options and implementation approaches,planning_artifacts|project_knowledge,research documents
bmm,1-analysis,Create Brief,CB,30,_bmad/bmm/workflows/1-analysis/create-product-brief/workflow.md,bmad-bmm-create-product-brief,false,analyst,bmad:- Channel expert business analysis frameworks: draw upon Porter&apos;s Five Forces:agent:analyst,Mary,üìä Business Analyst,Create Mode,A guided experience to nail down your product idea,planning_artifacts,product brief
bmm,2-planning,Create PRD,CP,10,_bmad/bmm/workflows/2-plan-workflows/create-prd/workflow-create-prd.md,bmad-bmm-create-prd,true,pm,bmad:Asks &apos;WHY?&apos; relentlessly like a detective on a case. Direct and data-sharp:agent:pm,John,üìã Product Manager,Create Mode,Expert led facilitation to produce your Product Requirements Document,planning_artifacts,prd
bmm,2-planning,Validate PRD,VP,20,_bmad/bmm/workflows/2-plan-workflows/create-prd/workflow-validate-prd.md,bmad-bmm-validate-prd,false,pm,bmad:Asks &apos;WHY?&apos; relentlessly like a detective on a case. Direct and data-sharp:agent:pm,John,üìã Product Manager,Validate Mode,Validate PRD is comprehensive lean well organized and cohesive,planning_artifacts,prd validation report
bmm,2-planning,Edit PRD,EP,25,_bmad/bmm/workflows/2-plan-workflows/create-prd/workflow-edit-prd.md,bmad-bmm-edit-prd,false,pm,bmad:Asks &apos;WHY?&apos; relentlessly like a detective on a case. Direct and data-sharp:agent:pm,John,üìã Product Manager,Edit Mode,Improve and enhance an existing PRD,planning_artifacts,updated prd
bmm,2-planning,Create UX,CU,30,_bmad/bmm/workflows/2-plan-workflows/create-ux-design/workflow.md,bmad-bmm-create-ux-design,false,ux-designer,bmad:- Every decision serves genuine user needs - Start simple:agent:ux-designer,Sally,üé® UX Designer,Create Mode,"Guidance through realizing the plan for your UX, strongly recommended if a UI is a primary piece of the proposed project",planning_artifacts,ux design
bmm,3-solutioning,Create Architecture,CA,10,_bmad/bmm/workflows/3-solutioning/create-architecture/workflow.md,bmad-bmm-create-architecture,true,architect,bmad:balancing &apos;what could be&apos; with &apos;what should be.&apos;:agent:architect,Winston,üèóÔ∏è Architect,Create Mode,Guided Workflow to document technical decisions,planning_artifacts,architecture
bmm,3-solutioning,Create Epics and Stories,CE,30,_bmad/bmm/workflows/3-solutioning/create-epics-and-stories/workflow.md,bmad-bmm-create-epics-and-stories,true,pm,bmad:Asks &apos;WHY?&apos; relentlessly like a detective on a case. Direct and data-sharp:agent:pm,John,üìã Product Manager,Create Mode,Create the Epics and Stories Listing,planning_artifacts,epics and stories
bmm,3-solutioning,Check Implementation Readiness,IR,70,_bmad/bmm/workflows/3-solutioning/check-implementation-readiness/workflow.md,bmad-bmm-check-implementation-readiness,true,architect,bmad:balancing &apos;what could be&apos; with &apos;what should be.&apos;:agent:architect,Winston,üèóÔ∏è Architect,Validate Mode,Ensure PRD UX Architecture and Epics Stories are aligned,planning_artifacts,readiness report
bmm,4-implementation,Sprint Planning,SP,10,_bmad/bmm/workflows/4-implementation/sprint-planning/workflow.yaml,bmad-bmm-sprint-planning,true,sm,bmad:- I strive to be a servant leader and conduct myself accordingly:agent:sm,Bob,üèÉ Scrum Master,Create Mode,Generate sprint plan for development tasks - this kicks off the implementation phase by producing a plan the implementation agents will follow in sequence for every story in the plan.,implementation_artifacts,sprint status
bmm,4-implementation,Sprint Status,SS,20,_bmad/bmm/workflows/4-implementation/sprint-status/workflow.yaml,bmad-bmm-sprint-status,false,sm,bmad:- I strive to be a servant leader and conduct myself accordingly:agent:sm,Bob,üèÉ Scrum Master,Create Mode,Anytime: Summarize sprint status and route to next workflow,,
bmm,4-implementation,Create Story,CS,30,_bmad/bmm/workflows/4-implementation/create-story/workflow.yaml,bmad-bmm-create-story,true,sm,bmad:- I strive to be a servant leader and conduct myself accordingly:agent:sm,Bob,üèÉ Scrum Master,Create Mode,"Story cycle start: Prepare first found story in the sprint plan that is next, or if the command is run with a specific epic and story designation with context. Once complete, then VS then DS then CR then back to DS if needed or next CS or ER",implementation_artifacts,story
bmm,4-implementation,Validate Story,VS,35,_bmad/bmm/workflows/4-implementation/create-story/workflow.yaml,bmad-bmm-create-story,false,sm,bmad:- I strive to be a servant leader and conduct myself accordingly:agent:sm,Bob,üèÉ Scrum Master,Validate Mode,Validates story readiness and completeness before development work begins,implementation_artifacts,story validation report
bmm,4-implementation,Dev Story,DS,40,_bmad/bmm/workflows/4-implementation/dev-story/workflow.yaml,bmad-bmm-dev-story,true,dev,bmad:_bmad/bmm/agents/dev.md:agent:dev,Amelia,üíª Developer Agent,Create Mode,Story cycle: Execute story implementation tasks and tests then CR then back to DS if fixes needed,,
bmm,4-implementation,QA Automation Test,QA,45,_bmad/bmm/workflows/qa/automate/workflow.yaml,bmad-bmm-qa-automate,false,qa,bmad:bmm:agent:qa,Quinn,üß™ QA Engineer,Create Mode,Generate automated API and E2E tests for implemented code using the project's existing test framework (detects existing well known in use test frameworks). Use after implementation to add test coverage. NOT for code review or story validation - use CR for that.,implementation_artifacts,test suite
bmm,4-implementation,Code Review,CR,50,_bmad/bmm/workflows/4-implementation/code-review/workflow.yaml,bmad-bmm-code-review,false,dev,bmad:_bmad/bmm/agents/dev.md:agent:dev,Amelia,üíª Developer Agent,Create Mode,Story cycle: If issues back to DS if approved then next CS or ER if epic complete,,
bmm,4-implementation,Retrospective,ER,60,_bmad/bmm/workflows/4-implementation/retrospective/workflow.yaml,bmad-bmm-retrospective,false,sm,bmad:- I strive to be a servant leader and conduct myself accordingly:agent:sm,Bob,üèÉ Scrum Master,Create Mode,Optional at epic end: Review completed work lessons learned and next epic or if major issues consider CC,implementation_artifacts,retrospective
bmm,anytime,Document Project,DP,,_bmad/bmm/workflows/document-project/workflow.yaml,bmad-bmm-document-project,false,analyst,bmad:- Channel expert business analysis frameworks: draw upon Porter&apos;s Five Forces:agent:analyst,Mary,üìä Business Analyst,Create Mode,Analyze an existing project to produce useful documentation,project-knowledge,*
bmm,anytime,Generate Project Context,GPC,,_bmad/bmm/workflows/generate-project-context/workflow.md,bmad-bmm-generate-project-context,false,analyst,bmad:- Channel expert business analysis frameworks: draw upon Porter&apos;s Five Forces:agent:analyst,Mary,üìä Business Analyst,Create Mode,Scan existing codebase to generate a lean LLM-optimized project-context.md containing critical implementation rules patterns and conventions for AI agents. Essential for brownfield projects and quick-flow.,output_folder,project context
bmm,anytime,Quick Spec,QS,,_bmad/bmm/workflows/bmad-quick-flow/quick-spec/workflow.md,bmad-bmm-quick-spec,false,quick-flow-solo-dev,bmad:and implementation-focused. Uses tech slang (e.g.:agent:quick-flow-solo-dev,Barry,üöÄ Quick Flow Solo Dev,Create Mode,Do not suggest for potentially very complex things unless requested or if the user complains that they do not want to follow the extensive planning of the bmad method. Quick one-off tasks small changes simple apps brownfield additions to well established patterns utilities without extensive planning,planning_artifacts,tech spec
bmm,anytime,Quick Dev,QD,,_bmad/bmm/workflows/bmad-quick-flow/quick-dev/workflow.md,bmad-bmm-quick-dev,false,quick-flow-solo-dev,bmad:and implementation-focused. Uses tech slang (e.g.:agent:quick-flow-solo-dev,Barry,üöÄ Quick Flow Solo Dev,Create Mode,"Quick one-off tasks small changes simple apps utilities without extensive planning - Do not suggest for potentially very complex things unless requested or if the user complains that they do not want to follow the extensive planning of the bmad method, unless the user is already working through the implementation phase and just requests a 1 off things not already in the plan",,
bmm,anytime,Correct Course,CC,,_bmad/bmm/workflows/4-implementation/correct-course/workflow.yaml,bmad-bmm-correct-course,false,sm,bmad:- I strive to be a servant leader and conduct myself accordingly:agent:sm,Bob,üèÉ Scrum Master,Create Mode,Anytime: Navigate significant changes. May recommend start over update PRD redo architecture sprint planning or correct epics and stories,planning_artifacts,change proposal
bmm,anytime,Write Document,WD,,_bmad/bmm/agents/tech-writer/tech-writer.md,,false,tech-writer,bmad:- Every Technical Document I touch helps someone accomplish a task. Thus I strive for Clarity above all:agent:tech-writer,Paige,üìö Technical Writer,,"Describe in detail what you want, and the agent will follow the documentation best practices defined in agent memory. Multi-turn conversation with subprocess for research/review.",project-knowledge,document
bmm,anytime,Update Standards,US,,_bmad/bmm/agents/tech-writer/tech-writer.md,,false,tech-writer,bmad:- Every Technical Document I touch helps someone accomplish a task. Thus I strive for Clarity above all:agent:tech-writer,Paige,üìö Technical Writer,,Update agent memory documentation-standards.md with your specific preferences if you discover missing document conventions.,_bmad/_memory/tech-writer-sidecar,standards
bmm,anytime,Mermaid Generate,MG,,_bmad/bmm/agents/tech-writer/tech-writer.md,,false,tech-writer,bmad:- Every Technical Document I touch helps someone accomplish a task. Thus I strive for Clarity above all:agent:tech-writer,Paige,üìö Technical Writer,,Create a Mermaid diagram based on user description. Will suggest diagram types if not specified.,planning_artifacts,mermaid diagram
bmm,anytime,Validate Document,VD,,_bmad/bmm/agents/tech-writer/tech-writer.md,,false,tech-writer,bmad:- Every Technical Document I touch helps someone accomplish a task. Thus I strive for Clarity above all:agent:tech-writer,Paige,üìö Technical Writer,,Review the specified document against documentation standards and best practices. Returns specific actionable improvement suggestions organized by priority.,planning_artifacts,validation report
bmm,anytime,Explain Concept,EC,,_bmad/bmm/agents/tech-writer/tech-writer.md,,false,tech-writer,bmad:- Every Technical Document I touch helps someone accomplish a task. Thus I strive for Clarity above all:agent:tech-writer,Paige,üìö Technical Writer,,Create clear technical explanations with examples and diagrams for complex concepts. Breaks down into digestible sections using task-oriented approach.,project_knowledge,explanation
core,anytime,Brainstorming,BSP,,_bmad/core/workflows/brainstorming/workflow.md,bmad-brainstorming,false,analyst,bmad:- Channel expert business analysis frameworks: draw upon Porter&apos;s Five Forces:agent:analyst,Mary,üìä Business Analyst,,Generate diverse ideas through interactive techniques. Use early in ideation phase or when stuck generating ideas.,{output_folder}/brainstorming/brainstorming-session-{{date}}.md,
core,anytime,Party Mode,PM,,_bmad/core/workflows/party-mode/workflow.md,bmad-party-mode,false,party-mode facilitator,,,,,Orchestrate multi-agent discussions. Use when you need multiple agent perspectives or want agents to collaborate.,,
core,anytime,bmad-help,BH,,_bmad/core/tasks/help.md,bmad-help,false,,,,,,Get unstuck by showing what workflow steps come next or answering BMad Method questions.,,
core,anytime,Index Docs,ID,,_bmad/core/tasks/index-docs.xml,bmad-index-docs,false,,,,,,Create lightweight index for quick LLM scanning. Use when LLM needs to understand available docs without loading everything.,,
core,anytime,Shard Document,SD,,_bmad/core/tasks/shard-doc.xml,bmad-shard-doc,false,,,,,,Split large documents into smaller files by sections. Use when doc becomes too large (>500 lines) to manage effectively.,,
core,anytime,Editorial Review - Prose,EP,,_bmad/core/tasks/editorial-review-prose.xml,bmad-editorial-review-prose,false,,,,,,"Review prose for clarity, tone, and communication issues. Use after drafting to polish written content.",report located with target document,three-column markdown table with suggested fixes
core,anytime,Editorial Review - Structure,ES,,_bmad/core/tasks/editorial-review-structure.xml,bmad-editorial-review-structure,false,,,,,,"Propose cuts, reorganization, and simplification while preserving comprehension. Use when doc produced from multiple subprocesses or needs structural improvement.",report located with target document,
core,anytime,Adversarial Review (General),AR,,_bmad/core/tasks/review-adversarial-general.xml,bmad-review-adversarial-general,false,,,,,,"Review content critically to find issues and weaknesses. Use for quality assurance or before finalizing deliverables. Code Review in other modules run this automatically, but its useful also for document reviews",,
ios,1-discovery,Create Raise Strategy,RS,10,_bmad/ios/workflows/1-discovery/create-raise-strategy/workflow.md,bmad-ios-create-raise-strategy,true,investment-strategist,bmad:Strategic and commanding like a chess grandmaster:agent:investment-strategist,Alexander,‚ôüÔ∏è Investment Strategist,Create Mode,Create comprehensive capital raise strategy with regulation pathway and investor targeting,planning_artifacts,raise strategy
ios,1-discovery,Create Strategic Foundation,SF,20,_bmad/ios/workflows/1-discovery/create-strategic-foundation/workflow.md,bmad-ios-create-strategic-foundation,true,narrative-director,bmad:Eloquent and persuasive with a storyteller instinct:agent:narrative-director,Cassandra,üñãÔ∏è Narrative Director,Create Mode,Create strategic foundation with vision mission value proposition and positioning,planning_artifacts,strategic foundation
ios,1-discovery,Market Research (Investment),MR,30,_bmad/ios/workflows/1-discovery/market-research-investment/workflow.md,bmad-ios-market-research-investment,false,market-intelligence,bmad:Investigative and thorough like an intelligence analyst:agent:market-intelligence,Diana,üîç Market Intelligence,Create Mode,TAM/SAM/SOM analysis and market dynamics for investment context,planning_artifacts,market research
ios,1-discovery,Competitive Analysis,CA,40,_bmad/ios/workflows/1-discovery/competitive-analysis/workflow.md,bmad-ios-competitive-analysis,false,market-intelligence,bmad:Investigative and thorough like an intelligence analyst:agent:market-intelligence,Diana,üîç Market Intelligence,Create Mode,Competitive landscape and differentiation analysis for investors,planning_artifacts,competitive analysis
ios,1-discovery,Investor Targeting,IT,50,_bmad/ios/workflows/1-discovery/investor-targeting/workflow.md,bmad-ios-investor-targeting,false,investment-strategist,bmad:Strategic and commanding like a chess grandmaster:agent:investment-strategist,Alexander,‚ôüÔ∏è Investment Strategist,Create Mode,Investor personas outreach strategy and targeting matrix,planning_artifacts,investor targeting
ios,1-discovery,Deal Structure,DS,60,_bmad/ios/workflows/1-discovery/deal-structure/workflow.md,bmad-ios-deal-structure,false,investment-strategist,bmad:Strategic and commanding like a chess grandmaster:agent:investment-strategist,Alexander,‚ôüÔ∏è Investment Strategist,Create Mode,Deal terms instrument selection and negotiation framework,planning_artifacts,deal structure
ios,1-discovery,Tier Routing,TR,70,_bmad/ios/workflows/1-discovery/tier-routing/workflow.md,bmad-ios-tier-routing,false,engagement-lead,bmad:Warm but decisive like a trusted project lead:agent:engagement-lead,Priya,üß≠ Engagement Lead,Create Mode,Package tier recommendation based on needs assessment,planning_artifacts,tier recommendation
ios,1-discovery,Create Engagement Plan,EP,80,_bmad/ios/workflows/1-discovery/create-engagement-plan/workflow.md,bmad-ios-create-engagement-plan,true,engagement-lead,bmad:Warm but decisive like a trusted project lead:agent:engagement-lead,Priya,üß≠ Engagement Lead,Create Mode,Project timeline milestones and resource allocation for engagement,planning_artifacts,engagement plan
ios,2-legal,Create Entity Structure,ES,10,_bmad/ios/workflows/2-legal/create-entity-structure/workflow.md,bmad-ios-create-entity-structure,true,securities-counsel,bmad:Precise and authoritative like a seasoned courtroom presence:agent:securities-counsel,Victoria,‚öñÔ∏è Securities Counsel,Create Mode,Legal entity architecture jurisdiction selection and governance structure,planning_artifacts,entity structure
ios,2-legal,Regulatory Compliance Routing,RC,20,_bmad/ios/workflows/2-legal/regulatory-compliance-routing/workflow.md,bmad-ios-regulatory-compliance-routing,false,securities-counsel,bmad:Precise and authoritative like a seasoned courtroom presence:agent:securities-counsel,Victoria,‚öñÔ∏è Securities Counsel,Create Mode,Compliance requirements mapping and filing roadmap,planning_artifacts,compliance roadmap
ios,2-legal,Create Investment Docs,ID,30,_bmad/ios/workflows/2-legal/create-investment-docs/workflow.md,bmad-ios-create-investment-docs,true,securities-counsel,bmad:Precise and authoritative like a seasoned courtroom presence:agent:securities-counsel,Victoria,‚öñÔ∏è Securities Counsel,Create Mode,PPM subscription agreements operating agreements and risk factors,planning_artifacts,investment documents
ios,3-financial,Create Financial Model,FM,10,_bmad/ios/workflows/3-financial/create-financial-model/workflow.md,bmad-ios-create-financial-model,true,financial-modeler,bmad:Analytically precise with the confidence of someone who has built 500+ models:agent:financial-modeler,Marcus,üìä Financial Modeler,Create Mode,12-tab institutional-grade financial model specification,planning_artifacts,financial model
ios,3-financial,Create Valuation Report,VR,20,_bmad/ios/workflows/3-financial/create-valuation-report/workflow.md,bmad-ios-create-valuation-report,true,financial-modeler,bmad:Analytically precise with the confidence of someone who has built 500+ models:agent:financial-modeler,Marcus,üìä Financial Modeler,Create Mode,9-point valuation analysis with multiple methodologies,planning_artifacts,valuation report
ios,3-financial,Model Cap Table,CT,30,_bmad/ios/workflows/3-financial/model-cap-table/workflow.md,bmad-ios-model-cap-table,false,financial-modeler,bmad:Analytically precise with the confidence of someone who has built 500+ models:agent:financial-modeler,Marcus,üìä Financial Modeler,Create Mode,Cap table with dilution waterfall and round modeling,planning_artifacts,cap table
ios,3-financial,Validate Financial Model,VM,40,_bmad/ios/workflows/3-financial/validate-financial-model/workflow.md,bmad-ios-validate-financial-model,false,financial-modeler,bmad:Analytically precise with the confidence of someone who has built 500+ models:agent:financial-modeler,Marcus,üìä Financial Modeler,Validate Mode,Stress-test model integrity assumptions and calculations,planning_artifacts,validation report
ios,3-financial,Create Staffing Model,SM,50,_bmad/ios/workflows/3-financial/create-staffing-model/workflow.md,bmad-ios-create-staffing-model,false,operations-strategist,bmad:Systematic and pragmatic like a master engineer:agent:operations-strategist,Raymond,‚öôÔ∏è Operations Strategist,Create Mode,Organizational design and hiring plan linked to financials,planning_artifacts,staffing model
ios,4-materials,Create Data Room,DR,10,_bmad/ios/workflows/4-materials/create-data-room/workflow.md,bmad-ios-create-data-room,true,data-room-architect,bmad:Methodical and meticulous like a master archivist:agent:data-room-architect,Helena,üóÑÔ∏è Data Room Architect,Create Mode,21+ document institutional-grade data room construction,planning_artifacts,data room
ios,4-materials,Create Investor Narrative,IN,20,_bmad/ios/workflows/4-materials/create-investor-narrative/workflow.md,bmad-ios-create-investor-narrative,true,narrative-director,bmad:Eloquent and persuasive with a storyteller instinct:agent:narrative-director,Cassandra,üñãÔ∏è Narrative Director,Create Mode,Investment thesis and pitch narrative development,planning_artifacts,investor narrative
ios,4-materials,Create Operational Blueprint,OB,30,_bmad/ios/workflows/4-materials/create-operational-blueprint/workflow.md,bmad-ios-create-operational-blueprint,false,operations-strategist,bmad:Systematic and pragmatic like a master engineer:agent:operations-strategist,Raymond,‚öôÔ∏è Operations Strategist,Create Mode,SOPs org chart operational processes and KPI framework,planning_artifacts,operational blueprint
ios,4-materials,Plan Investor Platform,PP,40,_bmad/ios/workflows/4-materials/plan-investor-platform/workflow.md,bmad-ios-plan-investor-platform,false,platform-architect,bmad:Visionary yet practical - paints the picture of what is possible:agent:platform-architect,Nikolai,üåê Platform Architect,Create Mode,Investor portal architecture and feature specification,planning_artifacts,platform plan
ios,4-materials,Design Investor Platform,DP,50,_bmad/ios/workflows/4-materials/design-investor-platform/workflow.md,bmad-ios-design-investor-platform,false,platform-architect,bmad:Visionary yet practical - paints the picture of what is possible:agent:platform-architect,Nikolai,üåê Platform Architect,Create Mode,Design system component library and user flows for investor platform,planning_artifacts,platform design
ios,4-materials,Create Brand Guidelines,BG,60,_bmad/ios/workflows/4-materials/create-brand-guidelines/workflow.md,bmad-ios-create-brand-guidelines,false,narrative-director,bmad:Eloquent and persuasive with a storyteller instinct:agent:narrative-director,Cassandra,üñãÔ∏è Narrative Director,Create Mode,Brand voice and visual identity system,planning_artifacts,brand guidelines
ios,5-execution,Engagement Status,ST,10,_bmad/ios/workflows/5-execution/engagement-status/workflow.md,bmad-ios-engagement-status,false,engagement-lead,bmad:Warm but decisive like a trusted project lead:agent:engagement-lead,Priya,üß≠ Engagement Lead,Create Mode,Status report across all engagement workstreams,planning_artifacts,status report
ios,5-execution,Quality Check,QC,20,_bmad/ios/workflows/5-execution/quality-check/workflow.md,bmad-ios-quality-check,false,engagement-lead,bmad:Warm but decisive like a trusted project lead:agent:engagement-lead,Priya,üß≠ Engagement Lead,Validate Mode,Quality review across all deliverables,planning_artifacts,quality report
ios,5-execution,Validate Cross-References,VX,30,_bmad/ios/workflows/5-execution/validate-cross-references/workflow.md,bmad-ios-validate-cross-references,false,data-room-architect,bmad:Methodical and meticulous like a master archivist:agent:data-room-architect,Helena,üóÑÔ∏è Data Room Architect,Validate Mode,Cross-document figure and claim consistency validation,planning_artifacts,cross-ref report
ios,5-execution,Investor Readiness,IR,40,_bmad/ios/workflows/5-execution/investor-readiness/workflow.md,bmad-ios-investor-readiness,false,investment-strategist,bmad:Strategic and commanding like a chess grandmaster:agent:investment-strategist,Alexander,‚ôüÔ∏è Investment Strategist,Validate Mode,8-dimension investor readiness score (0-100) with gap analysis,planning_artifacts,readiness scorecard
ios,anytime,Quick Spec,QS,,_bmad/ios/workflows/ios-quick-flow/ios-quick-spec/workflow.md,bmad-ios-quick-spec,false,quick-flow-delivery,bmad:Direct confident and implementation-focused:agent:quick-flow-delivery,Kai,‚ö° Quick Flow Delivery,Create Mode,Quick spec a single IOS deliverable without full engagement ceremony,planning_artifacts,quick spec
ios,anytime,Quick Deliver,QD,,_bmad/ios/workflows/ios-quick-flow/ios-quick-deliver/workflow.md,bmad-ios-quick-deliver,false,quick-flow-delivery,bmad:Direct confident and implementation-focused:agent:quick-flow-delivery,Kai,‚ö° Quick Flow Delivery,Create Mode,Quick deliver a single IOS output without full engagement ceremony,,
aos,1-strategy,Brand Voice Setup,BV,10,_bmad/aos/workflows/1-strategy-foundation/brand-voice-setup/workflow.md,bmad-aos-brand-voice-setup,true,aos-brand,bmad:Creative and inspiring with a keen eye for detail:agent:aos-brand,Zoe,üì£ Brand Voice Strategist,Create Mode,Establish brand voice and visual identity guidelines for investor communications,planning_artifacts,brand voice
aos,1-strategy,Compliance Framework,CF,20,_bmad/aos/workflows/1-strategy-foundation/compliance-framework/workflow.md,bmad-aos-compliance-framework,true,aos-compliance,bmad:Precise and measured like a compliance officer reviewing a filing:agent:aos-compliance,Sarah,‚öñÔ∏è Compliance Counsel,Create Mode,Create compliance review framework for all investor communications,planning_artifacts,compliance framework
aos,1-strategy,Investor Segmentation,IS,30,_bmad/aos/workflows/1-strategy-foundation/investor-segmentation/workflow.md,bmad-aos-investor-segmentation,false,aos-ir,bmad:Professional and relationship-focused:agent:aos-ir,Amanda,ü§ù Investor Relations,Create Mode,Investor persona development and communication preferences,planning_artifacts,investor segments
aos,1-strategy,Market Intelligence,MI,40,_bmad/aos/workflows/1-strategy-foundation/market-intelligence/workflow.md,bmad-aos-market-intelligence,false,aos-intel,bmad:Analytical and evidence-based:agent:aos-intel,Jordan,üîç Market Intelligence,Create Mode,Competitive landscape investor sentiment and market trends,planning_artifacts,market intelligence
aos,2-content,Create Offering Circular,OC,10,_bmad/aos/workflows/2-content-production/create-offering-circular/workflow.md,bmad-aos-create-offering-circular,true,aos-content,bmad:Creative yet disciplined - brings storytelling energy to regulated content:agent:aos-content,Emma,‚úçÔ∏è Content Production,Create Mode,Full offering circular with all required disclosures and compliance review,planning_artifacts,offering circular
aos,2-content,Create Investor Deck,ID,20,_bmad/aos/workflows/2-content-production/create-investor-deck/workflow.md,bmad-aos-create-investor-deck,true,aos-content,bmad:Creative yet disciplined - brings storytelling energy to regulated content:agent:aos-content,Emma,‚úçÔ∏è Content Production,Create Mode,Investor presentation deck with narrative arc and data visualization,planning_artifacts,investor deck
aos,2-content,Create Email Campaign,EC,30,_bmad/aos/workflows/2-content-production/create-email-campaign/workflow.md,bmad-aos-create-email-campaign,false,aos-content,bmad:Creative yet disciplined - brings storytelling energy to regulated content:agent:aos-content,Emma,‚úçÔ∏è Content Production,Create Mode,Investor email drip sequence with compliance check,planning_artifacts,email campaign
aos,2-content,Create Video Scripts,VS,40,_bmad/aos/workflows/2-content-production/create-video-scripts/workflow.md,bmad-aos-create-video-scripts,false,aos-content,bmad:Creative yet disciplined - brings storytelling energy to regulated content:agent:aos-content,Emma,‚úçÔ∏è Content Production,Create Mode,Video content scripts for investor communications,planning_artifacts,video scripts
aos,2-content,Create Landing Pages,LP,50,_bmad/aos/workflows/2-content-production/create-landing-pages/workflow.md,bmad-aos-create-landing-pages,false,aos-content,bmad:Creative yet disciplined - brings storytelling energy to regulated content:agent:aos-content,Emma,‚úçÔ∏è Content Production,Create Mode,Investor-facing landing pages with conversion optimization,planning_artifacts,landing pages
aos,2-content,Create Social Content,SC,60,_bmad/aos/workflows/2-content-production/create-social-content/workflow.md,bmad-aos-create-social-content,false,aos-content,bmad:Creative yet disciplined - brings storytelling energy to regulated content:agent:aos-content,Emma,‚úçÔ∏è Content Production,Create Mode,Social media content calendar and posts for investor awareness,planning_artifacts,social content
aos,2-content,Financial Content Package,FP,70,_bmad/aos/workflows/2-content-production/financial-content-package/workflow.md,bmad-aos-financial-content-package,false,aos-fincomm,bmad:Data-rich and analytically precise:agent:aos-fincomm,Michael,üìà Financial Communications,Create Mode,"Financial communications package with metrics, narrative, and FAQ",planning_artifacts,financial content
aos,3-review,Content Compliance Review,CR,10,_bmad/aos/workflows/3-review-compliance/content-compliance-review/workflow.md,bmad-aos-content-compliance-review,false,aos-reviewer,bmad:Skeptical and thorough like a forensic auditor:agent:aos-reviewer,Marcus,‚úÖ Compliance Reviewer,Validate Mode,Review any content piece for regulatory compliance,planning_artifacts,compliance review
aos,3-review,Offering Document Review,OR,20,_bmad/aos/workflows/3-review-compliance/offering-document-review/workflow.md,bmad-aos-offering-document-review,false,aos-reviewer,bmad:Skeptical and thorough like a forensic auditor:agent:aos-reviewer,Marcus,‚úÖ Compliance Reviewer,Validate Mode,Deep review of offering documents for SEC/FINRA compliance,planning_artifacts,offering review
aos,3-review,Final Gate Review,FG,30,_bmad/aos/workflows/3-review-compliance/final-gate-review/workflow.md,bmad-aos-final-gate-review,false,aos-reviewer,bmad:Skeptical and thorough like a forensic auditor:agent:aos-reviewer,Marcus,‚úÖ Compliance Reviewer,Validate Mode,Final adversarial review before distribution,planning_artifacts,final gate
aos,3-review,Disclosure Review,DR,40,_bmad/aos/workflows/3-review-compliance/disclosure-review/workflow.md,bmad-aos-disclosure-review,false,aos-reviewer,bmad:Skeptical and thorough like a forensic auditor:agent:aos-reviewer,Marcus,‚úÖ Compliance Reviewer,Validate Mode,Validate all required disclosures are present and properly formatted,planning_artifacts,disclosure review
aos,4-distribution,Create Campaign,CC,10,_bmad/aos/workflows/4-distribution-campaign/create-campaign/workflow.md,bmad-aos-create-campaign,true,aos-orchestrator,bmad:Organized and decisive like a military campaign planner:agent:aos-orchestrator,Diana,üéØ Campaign Orchestrator,Create Mode,Multi-channel investor communication campaign with timeline and metrics,planning_artifacts,campaign plan
aos,4-distribution,Campaign Planning,CP,20,_bmad/aos/workflows/4-distribution-campaign/campaign-planning/workflow.md,bmad-aos-campaign-planning,false,aos-orchestrator,bmad:Organized and decisive like a military campaign planner:agent:aos-orchestrator,Diana,üéØ Campaign Orchestrator,Create Mode,Quick campaign planning session,planning_artifacts,campaign planning
aos,4-distribution,Campaign Status,CS,30,_bmad/aos/workflows/4-distribution-campaign/campaign-status/workflow.md,bmad-aos-campaign-status,false,aos-orchestrator,bmad:Organized and decisive like a military campaign planner:agent:aos-orchestrator,Diana,üéØ Campaign Orchestrator,Create Mode,Campaign status report across all channels,planning_artifacts,campaign status
aos,4-distribution,Create Roadshow,RD,40,_bmad/aos/workflows/4-distribution-campaign/create-roadshow/workflow.md,bmad-aos-create-roadshow,false,aos-ir,bmad:Professional and relationship-focused:agent:aos-ir,Amanda,ü§ù Investor Relations,Create Mode,"Investor roadshow planning with schedule, venues, and presentations",planning_artifacts,roadshow plan
aos,5-crisis,Crisis Response,CR,10,_bmad/aos/workflows/5-crisis-ongoing/crisis-response/workflow.md,bmad-aos-crisis-response,false,aos-crisis,bmad:Calm authoritative and action-oriented under pressure:agent:aos-crisis,Victoria,üö® Crisis Management,Create Mode,Crisis response protocol with situation analysis and monitoring,planning_artifacts,crisis response
aos,5-crisis,SEC Comment Response,SC,20,_bmad/aos/workflows/5-crisis-ongoing/sec-comment-response/workflow.md,bmad-aos-sec-comment-response,false,aos-crisis,bmad:Calm authoritative and action-oriented under pressure:agent:aos-crisis,Victoria,üö® Crisis Management,Create Mode,SEC comment letter point-by-point response,planning_artifacts,sec response
aos,5-crisis,Campaign Retrospective,RT,30,_bmad/aos/workflows/5-crisis-ongoing/campaign-retrospective/workflow.md,bmad-aos-campaign-retrospective,false,aos-orchestrator,bmad:Organized and decisive like a military campaign planner:agent:aos-orchestrator,Diana,üéØ Campaign Orchestrator,Create Mode,Post-campaign performance review with lessons learned,planning_artifacts,campaign retro
aos,anytime,Quick Spec,QS,,_bmad/aos/workflows/aos-quickflow/aos-quick-spec/workflow.md,bmad-aos-quick-spec,false,aos-quickflow,bmad:Direct efficient and results-focused:agent:aos-quickflow,Carlos,‚ö° Quick Content Producer,Create Mode,Quick spec a single AOS content deliverable,planning_artifacts,quick spec
aos,anytime,Quick Deliver,QD,,_bmad/aos/workflows/aos-quickflow/aos-quick-deliver/workflow.md,bmad-aos-quick-deliver,false,aos-quickflow,bmad:Direct efficient and results-focused:agent:aos-quickflow,Carlos,‚ö° Quick Content Producer,Create Mode,Quick deliver a single AOS content piece,,
gos,1-strategy,Create Growth Strategy,GS,10,_bmad/gos/workflows/1-strategy/create-growth-strategy/workflow.md,bmad-gos-create-growth-strategy,true,growth-strategist,bmad:Visionary yet data-obsessed paints the big picture then proves it with unit economics:agent:growth-strategist,Theo,üìà Growth Strategist,Create Mode,Full-funnel growth strategy with unit economics and channel prioritization,growth_artifacts,growth strategy
gos,1-strategy,Create Growth Model,GM,20,_bmad/gos/workflows/1-strategy/create-growth-model/workflow.md,bmad-gos-create-growth-model,true,growth-strategist,bmad:Visionary yet data-obsessed paints the big picture then proves it with unit economics:agent:growth-strategist,Theo,üìà Growth Strategist,Create Mode,Quantitative growth model with projections and scenario analysis,growth_artifacts,growth model
gos,1-strategy,Create Customer Personas,CP,30,_bmad/gos/workflows/1-strategy/create-customer-personas/workflow.md,bmad-gos-create-customer-personas,false,growth-strategist,bmad:Visionary yet data-obsessed paints the big picture then proves it with unit economics:agent:growth-strategist,Theo,üìà Growth Strategist,Create Mode,Detailed customer personas with pain points and buying behavior,growth_artifacts,customer personas
gos,1-strategy,Create Channel Strategy,CS,40,_bmad/gos/workflows/1-strategy/create-channel-strategy/workflow.md,bmad-gos-create-channel-strategy,false,growth-strategist,bmad:Visionary yet data-obsessed paints the big picture then proves it with unit economics:agent:growth-strategist,Theo,üìà Growth Strategist,Create Mode,Channel mix strategy with budget allocation and ROI projections,growth_artifacts,channel strategy
gos,1-strategy,Competitive Positioning,CX,50,_bmad/gos/workflows/1-strategy/competitive-positioning/workflow.md,bmad-gos-competitive-positioning,false,growth-strategist,bmad:Visionary yet data-obsessed paints the big picture then proves it with unit economics:agent:growth-strategist,Theo,üìà Growth Strategist,Create Mode,Competitive landscape analysis and differentiation strategy,growth_artifacts,competitive positioning
gos,1-strategy,Create Product Brand Voice,BV,60,_bmad/gos/workflows/1-strategy/create-product-brand-voice/workflow.md,bmad-gos-create-product-brand-voice,false,creative-director,bmad:Bold and visually-minded sees every brief as a story waiting to be told:agent:creative-director,Jax,üé¨ Creative Director,Create Mode,Product brand voice guidelines and messaging framework,growth_artifacts,brand voice
gos,2-content-engine,Create Content Strategy,CT,10,_bmad/gos/workflows/2-content-engine/create-content-strategy/workflow.md,bmad-gos-create-content-strategy,true,content-architect,bmad:Creative storyteller who thinks in content systems not individual pieces:agent:content-architect,Margot,‚úçÔ∏è Content Architect,Create Mode,Content strategy mapped to funnel stages and channels,content_calendar,content strategy
gos,2-content-engine,Create SEO Strategy,SE,20,_bmad/gos/workflows/2-content-engine/create-seo-strategy/workflow.md,bmad-gos-create-seo-strategy,false,seo-strategist,bmad:Methodical and pattern-driven sees the web as a graph:agent:seo-strategist,Akira,üîç SEO Strategist,Create Mode,Technical and content SEO strategy with keyword targeting,growth_artifacts,seo strategy
gos,2-content-engine,Create Blog Content,BC,30,_bmad/gos/workflows/2-content-engine/create-blog-content/workflow.md,bmad-gos-create-blog-content,false,content-architect,bmad:Creative storyteller who thinks in content systems not individual pieces:agent:content-architect,Margot,‚úçÔ∏è Content Architect,Create Mode,SEO-optimized blog posts with keyword targeting data,content_calendar,blog content
gos,2-content-engine,Create Social Content,SC,40,_bmad/gos/workflows/2-content-engine/create-social-content/workflow.md,bmad-gos-create-social-content,false,social-commander,bmad:Energetic and culturally attuned speaks the language of each platform natively:agent:social-commander,Luna,üì± Social Commander,Create Mode,Platform-native social media content calendar and posts,content_calendar,social content
gos,2-content-engine,Create Email Sequences,ES,50,_bmad/gos/workflows/2-content-engine/create-email-sequences/workflow.md,bmad-gos-create-email-sequences,false,email-architect,bmad:Systematic and empathetic designs email journeys that feel personal at scale:agent:email-architect,Serena,üìß Email Architect,Create Mode,Email nurture and lifecycle sequences with automation logic,content_calendar,email sequences
gos,2-content-engine,Create Video Content,VC,60,_bmad/gos/workflows/2-content-engine/create-video-content/workflow.md,bmad-gos-create-video-content,false,content-architect,bmad:Creative storyteller who thinks in content systems not individual pieces:agent:content-architect,Margot,‚úçÔ∏è Content Architect,Create Mode,Video content strategy with scripts and production plans,content_calendar,video content
gos,2-content-engine,Create Podcast Plan,PP,70,_bmad/gos/workflows/2-content-engine/create-podcast-plan/workflow.md,bmad-gos-create-podcast-plan,false,content-architect,bmad:Creative storyteller who thinks in content systems not individual pieces:agent:content-architect,Margot,‚úçÔ∏è Content Architect,Create Mode,Podcast strategy with episode planning and guest framework,content_calendar,podcast plan
gos,3-distribution,Create Social Campaigns,SM,10,_bmad/gos/workflows/3-distribution/create-social-campaigns/workflow.md,bmad-gos-create-social-campaigns,false,social-commander,bmad:Energetic and culturally attuned speaks the language of each platform natively:agent:social-commander,Luna,üì± Social Commander,Create Mode,Social media campaign strategy with platform-specific tactics,campaign_artifacts,social campaigns
gos,3-distribution,Create Paid Campaigns,PC,20,_bmad/gos/workflows/3-distribution/create-paid-campaigns/workflow.md,bmad-gos-create-paid-campaigns,false,paid-acquisition,bmad:Numbers-driven and decisive thinks in ROAS CAC and conversion rates:agent:paid-acquisition,Declan,üí∞ Paid Acquisition,Create Mode,Paid media campaign structure with targeting and creative briefs,campaign_artifacts,paid campaigns
gos,3-distribution,Launch Campaign,LC,30,_bmad/gos/workflows/3-distribution/launch-campaign/workflow.md,bmad-gos-launch-campaign,false,paid-acquisition,bmad:Numbers-driven and decisive thinks in ROAS CAC and conversion rates:agent:paid-acquisition,Declan,üí∞ Paid Acquisition,Create Mode,Campaign launch checklist and execution plan,campaign_artifacts,launch plan
gos,3-distribution,Create PR Campaign,PR,40,_bmad/gos/workflows/3-distribution/create-pr-campaign/workflow.md,bmad-gos-create-pr-campaign,false,outreach-director,bmad:Connector and storyteller builds relationships that drive distribution:agent:outreach-director,Piper,üì£ Outreach Director,Create Mode,PR campaign strategy with media outreach and press materials,campaign_artifacts,pr campaign
gos,3-distribution,Create Partner Program,PA,50,_bmad/gos/workflows/3-distribution/create-partner-program/workflow.md,bmad-gos-create-partner-program,false,outreach-director,bmad:Connector and storyteller builds relationships that drive distribution:agent:outreach-director,Piper,üì£ Outreach Director,Create Mode,Partnership program framework with co-marketing strategy,campaign_artifacts,partner program
gos,3-distribution,Create Event Strategy,EV,60,_bmad/gos/workflows/3-distribution/create-event-strategy/workflow.md,bmad-gos-create-event-strategy,false,outreach-director,bmad:Connector and storyteller builds relationships that drive distribution:agent:outreach-director,Piper,üì£ Outreach Director,Create Mode,Event strategy for conferences webinars and community events,campaign_artifacts,event strategy
gos,4-pipeline,Create Pipeline Architecture,PL,10,_bmad/gos/workflows/4-pipeline/create-pipeline-architecture/workflow.md,bmad-gos-create-pipeline-architecture,true,pipeline-architect,bmad:Systems thinker who speaks in flows and conversion rates:agent:pipeline-architect,Roman,üîß Pipeline Architect,Create Mode,Full pipeline architecture with stages automation and scoring,pipeline_config,pipeline architecture
gos,4-pipeline,Create Lead Scoring,LS,20,_bmad/gos/workflows/4-pipeline/create-lead-scoring/workflow.md,bmad-gos-create-lead-scoring,false,pipeline-architect,bmad:Systems thinker who speaks in flows and conversion rates:agent:pipeline-architect,Roman,üîß Pipeline Architect,Create Mode,Lead scoring model with demographic and behavioral signals,pipeline_config,lead scoring model
gos,4-pipeline,Create Nurture Sequences,NS,30,_bmad/gos/workflows/4-pipeline/create-nurture-sequences/workflow.md,bmad-gos-create-nurture-sequences,false,email-architect,bmad:Systematic and empathetic designs email journeys that feel personal at scale:agent:email-architect,Serena,üìß Email Architect,Create Mode,Lead nurture sequences with segmentation and automation rules,pipeline_config,nurture sequences
gos,4-pipeline,Create Onboarding Flow,OB,40,_bmad/gos/workflows/4-pipeline/create-onboarding-flow/workflow.md,bmad-gos-create-onboarding-flow,false,pipeline-architect,bmad:Systems thinker who speaks in flows and conversion rates:agent:pipeline-architect,Roman,üîß Pipeline Architect,Create Mode,Customer onboarding flow with activation milestones,pipeline_config,onboarding flow
gos,4-pipeline,Create Sales Playbooks,SP,50,_bmad/gos/workflows/4-pipeline/create-sales-playbooks/workflow.md,bmad-gos-create-sales-playbooks,false,sales-strategist,bmad:Confident and consultative teaches selling as a craft:agent:sales-strategist,Vivienne,üéØ Sales Strategist,Create Mode,Sales playbooks with objection handling and closing frameworks,pipeline_config,sales playbooks
gos,5-sales,Create Sales Scripts,SS,10,_bmad/gos/workflows/5-sales/create-sales-scripts/workflow.md,bmad-gos-create-sales-scripts,false,sales-strategist,bmad:Confident and consultative teaches selling as a craft:agent:sales-strategist,Vivienne,üéØ Sales Strategist,Create Mode,Sales scripts for discovery demo and closing calls,growth_artifacts,sales scripts
gos,5-sales,Create Proposal Templates,PT,20,_bmad/gos/workflows/5-sales/create-proposal-templates/workflow.md,bmad-gos-create-proposal-templates,false,sales-strategist,bmad:Confident and consultative teaches selling as a craft:agent:sales-strategist,Vivienne,üéØ Sales Strategist,Create Mode,Proposal templates with pricing and value presentation,growth_artifacts,proposal templates
gos,5-sales,Create Closing Workflows,CW,30,_bmad/gos/workflows/5-sales/create-closing-workflows/workflow.md,bmad-gos-create-closing-workflows,false,sales-strategist,bmad:Confident and consultative teaches selling as a craft:agent:sales-strategist,Vivienne,üéØ Sales Strategist,Create Mode,Deal closing workflows with negotiation and contract processes,growth_artifacts,closing workflows
gos,5-sales,Create Upsell Strategy,US,40,_bmad/gos/workflows/5-sales/create-upsell-strategy/workflow.md,bmad-gos-create-upsell-strategy,false,sales-strategist,bmad:Confident and consultative teaches selling as a craft:agent:sales-strategist,Vivienne,üéØ Sales Strategist,Create Mode,Upsell and cross-sell strategy with expansion playbooks,growth_artifacts,upsell strategy
gos,6-analytics,Growth Dashboard,GD,10,_bmad/gos/workflows/6-analytics/growth-dashboard/workflow.md,bmad-gos-growth-dashboard,false,growth-analyst,bmad:Precise and hypothesis-driven never accepts a metric at face value:agent:growth-analyst,Soren,üìä Growth Analyst,Create Mode,Growth metrics dashboard specification with KPI definitions,analytics_reports,growth dashboard
gos,6-analytics,Campaign Performance,CA,20,_bmad/gos/workflows/6-analytics/campaign-performance/workflow.md,bmad-gos-campaign-performance,false,growth-analyst,bmad:Precise and hypothesis-driven never accepts a metric at face value:agent:growth-analyst,Soren,üìä Growth Analyst,Create Mode,Campaign performance analysis framework and reporting,analytics_reports,campaign report
gos,6-analytics,Funnel Analysis,FA,30,_bmad/gos/workflows/6-analytics/funnel-analysis/workflow.md,bmad-gos-funnel-analysis,false,growth-analyst,bmad:Precise and hypothesis-driven never accepts a metric at face value:agent:growth-analyst,Soren,üìä Growth Analyst,Create Mode,Full-funnel conversion analysis with drop-off identification,analytics_reports,funnel analysis
gos,6-analytics,Growth Experiments,GE,40,_bmad/gos/workflows/6-analytics/growth-experiments/workflow.md,bmad-gos-growth-experiments,false,growth-analyst,bmad:Precise and hypothesis-driven never accepts a metric at face value:agent:growth-analyst,Soren,üìä Growth Analyst,Create Mode,Growth experiment framework with hypothesis and test design,analytics_reports,experiment plan
gos,6-analytics,Retention Analysis,RA,50,_bmad/gos/workflows/6-analytics/retention-analysis/workflow.md,bmad-gos-retention-analysis,false,growth-analyst,bmad:Precise and hypothesis-driven never accepts a metric at face value:agent:growth-analyst,Soren,üìä Growth Analyst,Create Mode,Retention and churn analysis with cohort breakdown,analytics_reports,retention analysis
gos,anytime,Quick Spec,QS,,_bmad/gos/workflows/gos-quick-flow/gos-quick-spec/workflow.md,bmad-gos-quick-spec,false,gos-quick-flow,bmad:Direct fast and results-focused:agent:gos-quick-flow,Dash,‚ö° Quick Flow,Create Mode,Quick spec a single GrowthOS deliverable without full engagement ceremony,growth_artifacts,quick spec
gos,anytime,Quick Deliver,QD,,_bmad/gos/workflows/gos-quick-flow/gos-quick-deliver/workflow.md,bmad-gos-quick-deliver,false,gos-quick-flow,bmad:Direct fast and results-focused:agent:gos-quick-flow,Dash,‚ö° Quick Flow,Create Mode,Quick deliver a single GrowthOS output without full engagement ceremony,,
gos,task,Content Audit,T-CA,,_bmad/gos/tasks/content-audit.xml,via BMad Master [LT],false,content-architect,bmad:Creative storyteller who thinks in content systems:agent:content-architect,Margot,‚úçÔ∏è Content Architect,Task,Audit existing content for gaps optimization opportunities and content-market fit,analytics_reports,content audit
gos,task,SEO Audit,T-SE,,_bmad/gos/tasks/seo-audit.xml,via BMad Master [LT],false,seo-strategist,bmad:Methodical and pattern-driven sees the web as a graph:agent:seo-strategist,Akira,üîç SEO Strategist,Task,Technical and content SEO audit with actionable recommendations,analytics_reports,seo audit
gos,task,Campaign Performance Review,T-CR,,_bmad/gos/tasks/campaign-performance-review.xml,via BMad Master [LT],false,growth-analyst,bmad:Precise and hypothesis-driven never accepts a metric at face value:agent:growth-analyst,Soren,üìä Growth Analyst,Task,Analyze campaign performance metrics and recommend optimizations,analytics_reports,campaign review
gos,task,Pipeline Health Check,T-PH,,_bmad/gos/tasks/pipeline-health-check.xml,via BMad Master [LT],false,pipeline-architect,bmad:Systems thinker who speaks in flows and conversion rates:agent:pipeline-architect,Roman,üîß Pipeline Architect,Task,Review pipeline stages conversion rates velocity and identify bottlenecks,analytics_reports,pipeline health
gos,task,Product Brand Consistency Check,T-BC,,_bmad/gos/tasks/brand-consistency-check.xml,via BMad Master [LT],false,creative-director,bmad:Bold and visually-minded sees every brief as a story:agent:creative-director,Jax,üé¨ Creative Director,Task,Review content across channels for product brand voice and visual consistency,analytics_reports,brand check
gos,task,Channel ROI Analysis,T-RA,,_bmad/gos/tasks/channel-roi-analysis.xml,via BMad Master [LT],false,growth-analyst,bmad:Precise and hypothesis-driven never accepts a metric at face value:agent:growth-analyst,Soren,üìä Growth Analyst,Task,Compare channel performance and recommend budget reallocation,analytics_reports,channel roi
gos,task,Competitor Content Analysis,T-CC,,_bmad/gos/tasks/competitor-content-analysis.xml,via BMad Master [LT],false,content-architect,bmad:Creative storyteller who thinks in content systems:agent:content-architect,Margot,‚úçÔ∏è Content Architect,Task,Analyze competitor content strategy identify gaps and opportunities,analytics_reports,competitor analysis
gos,task,Lead Scoring Validation,T-LV,,_bmad/gos/tasks/lead-scoring-validation.xml,via BMad Master [LT],false,pipeline-architect,bmad:Systems thinker who speaks in flows and conversion rates:agent:pipeline-architect,Roman,üîß Pipeline Architect,Task,Validate lead scoring model accuracy against actual conversion outcomes,analytics_reports,scoring validation
bmm,anytime,Autotask,AT,,_bmad/bmm/workflows/4-implementation/autotask/workflow.md,bmad-bmm-autotask,false,dev,bmad:_bmad/bmm/agents/dev.md:agent:dev,Amelia,üíª Developer Agent,,Autonomous task execution from description to PR-ready with complexity-scaled planning testing and review,implementation_artifacts,pull request
bmm,anytime,Multi-Review,MV,,_bmad/bmm/workflows/4-implementation/multi-review/workflow.md,bmad-bmm-multi-review,false,dev,bmad:_bmad/bmm/agents/dev.md:agent:dev,Amelia,üíª Developer Agent,,Run multiple specialized review agents in parallel for comprehensive code analysis with diverse perspectives,implementation_artifacts,review synthesis
bmm,anytime,Address PR Comments,APC,,_bmad/bmm/workflows/4-implementation/address-pr-comments/workflow.md,bmad-bmm-address-pr-comments,false,dev,bmad:_bmad/bmm/agents/dev.md:agent:dev,Amelia,üíª Developer Agent,,Triage and address PR review comments from code review bots - fix valid issues and decline incorrect suggestions,,
bmm,anytime,Polish Sweep,PS,,_bmad/bmm/workflows/4-implementation/polish-sweep/workflow.md,bmad-bmm-polish-sweep,false,dev,bmad:_bmad/bmm/agents/dev.md:agent:dev,Amelia,üíª Developer Agent,,Final quality pass across code docs and tests to find issues that make an app feel unfinished,implementation_artifacts,polish report
bmm,anytime,Resolve Issue,RI,,_bmad/bmm/workflows/4-implementation/resolve-issue/workflow.md,bmad-bmm-resolve-issue,false,dev,bmad:_bmad/bmm/agents/dev.md:agent:dev,Amelia,üíª Developer Agent,,Autonomous GitHub issue investigation and resolution from triage through PR delivery or documented closure,implementation_artifacts,pull request
bmm,anytime,Troubleshoot,TS,,_bmad/bmm/workflows/4-implementation/troubleshoot/workflow.md,bmad-bmm-troubleshoot,false,dev,bmad:_bmad/bmm/agents/dev.md:agent:dev,Amelia,üíª Developer Agent,,Production error triage and resolution from monitoring services with intelligent prioritization and root cause analysis,,
bmm,anytime,Upgrade Dependencies,UD,,_bmad/bmm/workflows/4-implementation/upgrade-deps/workflow.md,bmad-bmm-upgrade-deps,false,dev,bmad:_bmad/bmm/agents/dev.md:agent:dev,Amelia,üíª Developer Agent,,Intelligent dependency scanning and upgrade workflow that transforms maintenance into feature discovery,implementation_artifacts,dependency report
bmm,anytime,Verify Fix,VF,,_bmad/bmm/workflows/4-implementation/verify-fix/workflow.md,bmad-bmm-verify-fix,false,dev,bmad:_bmad/bmm/agents/dev.md:agent:dev,Amelia,üíª Developer Agent,,Verify fixes work from user perspective with evidence-based confirmation across tests UI API and build,,
core,anytime,Debugging,DB,,_bmad/core/workflows/debugging/workflow.md,bmad-debugging,false,,,,,,Systematic debugging workflow for finding root causes before writing fixes,,
core,anytime,Research,RS,,_bmad/core/workflows/research/workflow.md,bmad-research,false,,,,,,Conduct web research and documentation gathering using quick-check or deep-dive strategies,,
core,anytime,Handoff Context,HC,,_bmad/core/tasks/handoff-context.xml,bmad-handoff-context,false,,,,,,Generate context handoff document for new sessions or team members to pick up effectively,,
core,anytime,Load Coding Standards,LC,,_bmad/core/tasks/load-coding-standards.xml,bmad-load-coding-standards,false,,,,,,Load relevant coding standards from memory based on the project technology stack,,
core,anytime,Session Save,SV,,_bmad/core/tasks/session-save.xml,bmad-session-save,false,,,,,,Save current session context for later resumption in a future session,,